<?xml version="1.0" encoding="UTF-8"?>
<!-- FIXME. Temporarily using full class names -->
<ss>
 <s n="Default" t="nextapp.echo.extras.app.CalendarSelect">
  <p n="background" t="Color">#6f87af</p>
  <p n="dateBackground" t="Color">#bcbcbc</p>
  <p n="dateBackgroundImage" t="FillImage">
   <fi t="r">
    <i r="/nextapp/echo/extras/testapp/resource/image/CalendarSelectGradient.png"/>
   </fi>
  </p>
  <p n="headerForeground" t="Color">#ffffff</p>
  <p n="headerBackgroundImage" t="FillImage">
   <fi t="r" y="50%">
    <i r="/nextapp/echo/extras/testapp/resource/image/CalendarHeaderBackground.png"/>
   </fi>
  </p>
  <p n="rolloverDateBackground" t="Color">#ffffff</p>
  <p n="selectedDateBackground" t="Color">#1579c7</p>
  <p n="selectedDateBackgroundImage" t="FillImage">
   <fi t="r">
    <i r="/nextapp/echo/extras/testapp/resource/image/CalendarSelectSelectedDateFill.png"/>
   </fi>
  </p>
  <p n="selectedDateBorder" t="Border">
   <b t="1px solid #0e4f82" l="1px solid #0e4f82" b="1px solid #1472bc" r="1px solid #1472bc"/>
  </p>
 </s>
 <s n="Default" t="nextapp.echo.app.button.AbstractButton">
  <p n="background" t="Color">#4f4f5f</p>
  <p n="foreground" t="Color">#efefff</p>
  <p n="border" t="Border">1px outset #6f6f8f</p>
  <p n="rolloverEnabled" t="b">true</p>
  <p n="rolloverBackground" t="Color">#6f6f87</p>
  <p n="rolloverForeground" t="Color">#ffffaf</p>
  <p n="rolloverBorder" t="Border">1px outset #8f8faf</p>
  <p n="pressedEnabled" t="b">true</p>
  <p n="pressedBackground" t="Color">#2f2f3f</p>
  <p n="pressedForeground" t="Color">#ffafaf</p>
  <p n="pressedBorder" t="Border">1px inset #4f4f6f</p>
  <p n="insets" t="Insets">3px 20px</p>
 </s>
 <s n="TestPane" t="nextapp.echo.app.SplitPane">
  <p n="autoPositioned" t="b">true</p>
  <p n="separatorHeight" t="Extent">1px</p>
  <p n="separatorColor" t="Color">#1d1d1d</p>
 </s>
 <s n="Default" t="nextapp.echo.app.Table">
  <p n="insets" t="Insets">2px 5px</p>
  <p n="border" t="Border">2px groove #afffaf</p>
 </s>
 <s n="EvenCellLabel" t="nextapp.echo.app.Label">
  <p n="layoutData" t="nextapp.echo.app.layout.TableLayoutData">
   <p n="background" t="Color">#afffaf</p>
  </p>
 </s>
 <s n="OddCellLabel" t="nextapp.echo.app.Label">
  <p n="layoutData" t="nextapp.echo.app.layout.TableLayoutData">
   <p n="background" t="Color">#ffffaf</p>
  </p>
 </s>
 <s b="Default" n="Selected" t="nextapp.echo.app.Button">
  <p n="background" t="Color">#3f3f4f</p>
  <p n="foreground" t="Color">#ffcfcf</p>
 </s>
 <s n="Default" t="nextapp.echo.app.text.TextComponent">
  <p n="background" t="Color">#ffffdf</p>
  <p n="foreground" t="Color">#000000</p>
  <p n="border" t="Border">1px inset #ffffaf</p>
 </s>
 <s n="DefaultResizable" t="nextapp.echo.app.SplitPane">
  <p n="resizable" t="b">true</p>
  <p n="separatorWidth" t="Extent">12px</p>
  <p n="separatorHorizontalImage" t="FillImage">
   <fi t="r" y="50%">
    <i r="/nextapp/echo/extras/testapp/resource/image/SplitPaneHorizontalSeparatorLarge.png"/>
   </fi>
  </p>
  <p n="separatorVerticalImage" t="FillImage">
   <fi t="r">
    <i r="/nextapp/echo/extras/testapp/resource/image/SplitPaneVerticalSeparator.png"/>
   </fi>
  </p>
 </s>
 <s n="TitleLabel" t="nextapp.echo.app.Label">
  <p n="font" t="Font">
   <f sz="18px">
    <tf n="Verdana"/>
   </f>
  </p>
  <p n="foreground" t="Color">#ffffff</p>
  <p n="lineWrap" t="b">false</p>
  <p n="layoutData" t="nextapp.echo.app.layout.SplitPaneLayoutData">
   <p n="alignment" t="Alignment">
    <a h="center"/>
   </p>
   <p n="background" t="Color">#1b1b21</p>
   <p n="backgroundImage" t="FillImage">
    <fi r="0" t="r">
     <i r="/nextapp/echo/extras/testapp/resource/image/HeaderBackground.png"/>
    </fi>
   </p>
   <p n="insets" t="Insets">8px</p>
   <p n="overflow" t="i">OVERFLOW_HIDDEN</p>
  </p>
 </s>
 <s n="TitleLabel2" t="nextapp.echo.app.Label">
  <p n="font" t="Font">
   <f bo="1" sz="16px">
    <tf n="Verdana"/>
   </f>
  </p>
  <p n="foreground" t="Color">#000000</p>
  <p n="layoutData" t="nextapp.echo.app.layout.SplitPaneLayoutData">
   <p n="backgroundImage" t="FillImage">
    <fi r="0" t="r" y="100%">
     <i r="/nextapp/echo/extras/testapp/resource/image/PewterLineBackground.png"/>
    </fi>
   </p>
   <p n="insets" t="Insets">8px</p>
   <p n="overflow" t="i">OVERFLOW_HIDDEN</p>
  </p>
 </s>
 <s n="Default" t="nextapp.echo.extras.app.MenuBarPane">
  <p n="backgroundImage" t="FillImage">
   <fi r="y" t="r">
    <i r="/nextapp/echo/extras/testapp/resource/image/BlueLineBackground.png"/>
   </fi>
  </p>
  <p n="menuBackgroundImage" t="FillImage">
   <fi r="y" t="r">
    <i r="/nextapp/echo/extras/testapp/resource/image/LightBlueLineBackground.png"/>
   </fi>
  </p>
  <p n="selectionBackgroundImage" t="FillImage">
   <fi t="r">
    <i r="/nextapp/echo/extras/testapp/resource/image/ShadowBackgroundDarkBlue2.png"/>
   </fi>
  </p>
 </s>
 <s n="Default" t="nextapp.echo.app.WindowPane">
  <!-- Container-specific property to enable Internet Explorer PNG Alpha Renderer for shadow window border. -->
  <p n="openAnimationTime" t="i">200</p>
  <p n="closeAnimationTime" t="i">200</p>
  <p n="ieAlphaRenderBorder" t="b">true</p>
  <p n="titleInsets" t="Insets">5px 10px</p>
  <p n="titleBackground" t="Color">#2f2f4f</p>
  <p n="titleBackgroundImage" t="FillImage">
   <fi r="x" t="r" y="50%">
    <i r="/nextapp/echo/extras/testapp/resource/image/WindowPaneTitleBackground.png"/>
   </fi>
  </p>
  <p n="titleForeground" t="Color">#ffffff</p>
  <p n="border" t="FillImageBorder">
   <fib bi="17px 23px 23px 17px" ci="8px 14px 14px 8px">
    <fi t="r">
     <i r="/nextapp/echo/extras/testapp/resource/image/BorderTopLeft.png"/>
    </fi>
    <fi t="r">
     <i r="/nextapp/echo/extras/testapp/resource/image/BorderTop.png"/>
    </fi>
    <fi t="r">
     <i r="/nextapp/echo/extras/testapp/resource/image/BorderTopRight.png"/>
    </fi>
    <fi t="r">
     <i r="/nextapp/echo/extras/testapp/resource/image/BorderLeft.png"/>
    </fi>
    <fi t="r">
     <i r="/nextapp/echo/extras/testapp/resource/image/BorderRight.png"/>
    </fi>
    <fi t="r">
     <i r="/nextapp/echo/extras/testapp/resource/image/BorderBottomLeft.png"/>
    </fi>
    <fi t="r">
     <i r="/nextapp/echo/extras/testapp/resource/image/BorderBottom.png"/>
    </fi>
    <fi t="r">
     <i r="/nextapp/echo/extras/testapp/resource/image/BorderBottomRight.png"/>
    </fi>
   </fib>
  </p>
 </s>
 <s n="ControlPane.Button" t="nextapp.echo.app.button.AbstractButton">
  <p n="lineWrap" t="b">false</p>
  <p n="insets" t="Insets">3px 15px</p>
  <p n="foreground" t="Color">#000000</p>
  <p n="rolloverEnabled" t="b">true</p>
  <p n="rolloverForeground" t="Color">#ffffff</p>
  <p n="rolloverBackground" t="Color">#3939d6</p>
  <p n="rolloverBackgroundImage" t="FillImage">
   <fi t="r" r="x" y="50%">/nextapp/echo/extras/testapp/resource/image/ControlPaneHighlight.png</fi>
  </p>
  <p n="pressedEnabled" t="b">true</p>
  <p n="pressedForeground" t="Color">#dfffff</p>
  <p n="pressedBackground" t="Color">#3939d6</p>
  <p n="pressedBackgroundImage" t="FillImage">
   <fi t="r" r="x" y="50%">/nextapp/echo/extras/testapp/resource/image/ControlPaneHighlightLight.png</fi>
  </p>
 </s>
 <s n="ControlPane" t="nextapp.echo.app.Row">
  <p n="insets" t="Insets">0px 9px</p>
  <p n="cellSpacing" t="Extent">3px</p>
  <p n="layoutData" t="nextapp.echo.app.layout.SplitPaneLayoutData">
   <p n="overflow" t="i">OVERFLOW_HIDDEN</p>
   <p n="background" t="Color">#cfcfdf</p>
   <p n="backgroundImage" t="FillImage">
    <fi t="r" y="50%" r="x">/nextapp/echo/extras/testapp/resource/image/ControlPaneFill.png</fi>
   </p>
  </p>
 </s>
 <s n="TestControlButton" t="nextapp.echo.app.button.AbstractButton">
  <p n="font" t="Font">
   <f it="1" sz="10px"/>
  </p>
  <p n="background" t="Color">#3f3f4f</p>
  <p n="foreground" t="Color">#ffffff</p>
  <p n="border" t="Border">1px outset #3f3f4f</p>
  <p n="rolloverEnabled" t="b">true</p>
  <p n="rolloverBackground" t="Color">#8f8fa7</p>
  <p n="rolloverForeground" t="Color">#ffffaf</p>
  <p n="rolloverBorder" t="Border">1px outset #8f8faf</p>
  <p n="pressedEnabled" t="b">true</p>
  <p n="pressedBackground" t="Color">#2f2f3f</p>
  <p n="pressedForeground" t="Color">#ffafaf</p>
  <p n="pressedBorder" t="Border">1px inset #4f4f6f</p>
  <p n="insets" t="Insets">3px 10px</p>
 </s>
 <s n="TestControlButtonSmall" t="nextapp.echo.app.button.AbstractButton" b="TestControlButton">
  <p n="font" t="Font">
   <f it="1" sz="10px"/>
  </p>
  <p n="insets" t="Insets">3px 3px</p>
 </s>
 <s n="Default" t="nextapp.echo.extras.app.RichTextArea">
  <p n="menuStyleName">Default</p>
  <p n="windowPaneStyleName">Default</p>
  <p n="controlPaneSplitPaneStyleName">ControlPane.Container.Bottom</p>
  <p n="controlPaneRowStyleName">ControlPane</p>
  <p n="controlPaneButtonStyleName">ControlPane.Button</p>
  <p n="toolbarPanelStyleName">RichTextArea.ToolbarPanel</p>
  <p n="toolbarButtonStyleName">RichTextArea.ToolbarButton</p>
 </s>
 <s n="RichTextArea.ToolbarPanel" t="nextapp.echo.app.Panel">
  <p n="background" t="Color">#abcdef</p>
  <p n="backgroundImage" t="FillImage">
   <fi t="r" y="50%" r="x">/nextapp/echo/testapp/interactive/resource/image/ControlPaneFill.png</fi>
  </p>
 </s>
 <s n="RichTextArea.ToolbarButton" t="nextapp.echo.app.Button">
  <p n="font" t="Font">
   <f sz="9px"/>
  </p>
  <p n="background" t="Color">#cfcfdf</p>
  <p n="foreground" t="Color">#000000</p>
  <p n="border" t="Border">1px outset #cfcfdf</p>
  <p n="rolloverEnabled" t="b">true</p>
  <p n="rolloverBackground" t="Color">#efefff</p>
  <p n="rolloverForeground" t="Color">#000000</p>
  <p n="rolloverBorder" t="Border">1px outset #efefff</p>
  <p n="pressedEnabled" t="b">true</p>
  <p n="pressedBackground" t="Color">#afafbf</p>
  <p n="pressedForeground" t="Color">#000000</p>
  <p n="pressedBorder" t="Border">1px inset #afafbf</p>
  <p n="insets" t="Insets">1px 3px</p>
 </s>
 <s n="TestControlGroupLabel" t="nextapp.echo.app.Label">
  <p n="layoutData" t="nextapp.echo.app.layout.SplitPaneLayoutData">
   <p n="insets" t="Insets">0px 5px 0px 0px</p>
  </p>
 </s>
 <s n="TestControlGroupRow" t="nextapp.echo.app.Row">
  <p n="font" t="Font">
   <f it="1" sz="10px"/>
  </p>
  <p n="background" t="Color">#3f3f4f</p>
  <p n="foreground" t="Color">#ffffff</p>
  <p n="border" t="Border">1px outset #3f3f4f</p>
  <p n="insets" t="Insets">2px 10px</p>
 </s>
 <s n="TestControlColumn" t="nextapp.echo.app.Column">
  <p n="cellSpacing" t="Extent">1px</p>
  <p n="insets" t="Insets">5px 10px</p>
 </s>
 <s n="TestControlAccordion" t="nextapp.echo.extras.app.AccordionPane">
  <p n="defaultContentInsets" t="Insets">7px 10px</p>
  <p n="layoutData" t="nextapp.echo.app.layout.SplitPaneLayoutData">
   <p n="background" t="Color">#afafef</p>
   <p n="backgroundImage" t="FillImage">
    <fi r="y" t="r" x="100%">
     <i r="/nextapp/echo/extras/testapp/resource/image/BlueSteelBackground.jpg"/>
    </fi>
   </p>
  </p>
  <p n="tabBackgroundImage" t="FillImage">
   <fi r="0" t="r">
    <i r="/nextapp/echo/extras/testapp/resource/image/SilverLineBackground.png"/>
   </fi>
  </p>
  <p n="tabRolloverBackgroundImage" t="FillImage">
   <fi r="0" t="r">
    <i r="/nextapp/echo/extras/testapp/resource/image/LightBlueLineBackground.png"/>
   </fi>
  </p>
 </s>
 <s n="WelcomePane" t="nextapp.echo.app.ContentPane">
  <p n="backgroundImage" t="FillImage">
   <fi r="y" t="r">
    <i r="/nextapp/echo/extras/testapp/resource/image/WelcomePaneBackground.png"/>
   </fi>
  </p>
 </s>
 <s n="WelcomePane.Column" t="nextapp.echo.app.Column">
  <p n="insets" t="Insets">0px 0px 0px 245px</p>
  <p n="cellSpacing" t="Extent">40px</p>
 </s>
 <s b="Default" n="WelcomePane" t="nextapp.echo.app.WindowPane">
  <p n="width" t="Extent">40em</p>
  <p n="resizable" t="b">true</p>
  <p n="positionX" t="Extent">160px</p>
  <p n="positionY" t="Extent">-50px</p>
 </s>
 <s n="Shadow" t="nextapp.echo.extras.app.BorderPane">
  <p n="ieAlphaRenderBorder" t="b">true</p>
  <p n="border" t="FillImageBorder">
   <fib bi="17px 23px 23px 17px" ci="8px 14px 14px 8px">
    <fi t="r">
     <i r="/nextapp/echo/extras/testapp/resource/image/BorderTopLeft.png"/>
    </fi>
    <fi t="r">
     <i r="/nextapp/echo/extras/testapp/resource/image/BorderTop.png"/>
    </fi>
    <fi t="r">
     <i r="/nextapp/echo/extras/testapp/resource/image/BorderTopRight.png"/>
    </fi>
    <fi t="r">
     <i r="/nextapp/echo/extras/testapp/resource/image/BorderLeft.png"/>
    </fi>
    <fi t="r">
     <i r="/nextapp/echo/extras/testapp/resource/image/BorderRight.png"/>
    </fi>
    <fi t="r">
     <i r="/nextapp/echo/extras/testapp/resource/image/BorderBottomLeft.png"/>
    </fi>
    <fi t="r">
     <i r="/nextapp/echo/extras/testapp/resource/image/BorderBottom.png"/>
    </fi>
    <fi t="r">
     <i r="/nextapp/echo/extras/testapp/resource/image/BorderBottomRight.png"/>
    </fi>
   </fib>
  </p>
 </s>
 <s n="TooltipPanel" t="nextapp.echo.app.Panel">
  <p n="background" t="Color">#FFFFE1</p>
  <p n="insets" t="Insets">2px</p>
  <p n="border" t="Border">1px solid #000000</p>
 </s>
</ss>
